,ACQUISITION_CHANNEL,TOTAL_EMPLOYEES,HOURS_WORKED_CUMULATIVE,ORDERS_DELIVERED_CUMULATIVE,THROUGHPUT_CUMULATIVE,REFERRALS_CUMULATIVE,SUCCESSFUL_REFERRALS_CUMULATIVE,HOURS_WORKED_CUMULATIVE_PE,ORDERS_DELIVERED_CUMULATIVE_PE,THROUGHPUT_CUMULATIVE_PE,REFERRALS_CUMULATIVE_PE,SUCCESSFUL_REFERRALS_CUMULATIVE_PE
0,Digital,882,140313.93805199987,292481.0,1625.2776910000002,533.0,75.0,159.0860975646257,331.6111111111111,1.8427184705215423,0.6043083900226758,0.08503401360544217
1,Job Platforms,77,14923.873923000005,32032.0,139.76884100000004,6.0,3.0,193.81654445454552,416.0,1.8151797532467537,0.07792207792207792,0.03896103896103896
2,Offline,242,37820.421062,79032.0,434.2418880000001,113.0,17.0,156.28273166115704,326.57851239669424,1.794387966942149,0.4669421487603306,0.07024793388429752
3,Organic,2190,407886.6452999996,924513.0,4453.435329000002,962.0,193.0,186.24960972602722,422.15205479452055,2.033532113698631,0.4392694063926941,0.08812785388127854
4,Referral,1150,297400.045266,639110.0,2231.928393000001,981.0,275.0,258.608735013913,555.7478260869565,1.9408072982608704,0.8530434782608696,0.2391304347826087
